{
  "mAP50": 0.7031533295163181,
  "mAP50-95": 0.3957494428793994,
  "precision": 0.7520162417785985,
  "recall": 0.5868083299856935,
  "conf_threshold": 0.25,
  "iou_threshold": 0.45
}